tabela,tempo(s)
armazem,0.09027735600000142
armazem,0.009656436000000213
armazem,0.007916992000019718
armazem,0.006091327999996565
armazem,0.0076410389999921335
armazem,0.006899992000001021
armazem,0.0063885739999989255
armazem,0.007216085999999677
armazem,0.00965225600000963
armazem,0.007648619000008239
setor,0.007855933000001869
setor,0.006056738000012274
setor,0.0064726259999758895
setor,0.006283524000025409
setor,0.007025428999980932
setor,0.006621674999991001
setor,0.00657706300000882
setor,0.0063696010000171555
setor,0.006969227000013234
setor,0.006682141999988289
setor,0.005984517000001688
setor,0.0060761839999941
setor,0.006704716999990978
setor,0.007283817000001136
setor,0.006702380000007224
setor,0.006555391000006239
setor,0.0065670250000096075
setor,0.007071832999997696
setor,0.006278106999985766
setor,0.006168348000016977
setor,0.006916205999999647
setor,0.006780622999997377
setor,0.006573903000003156
setor,0.006658528000002661
setor,0.006612002999986544
setor,0.0066943820000062715
setor,0.006405961000012894
setor,0.005999149999979636
setor,0.006843490999983715
setor,0.006618524999993269
setor,0.006296018000000458
setor,0.006747959999984232
setor,0.006143226999995477
setor,0.006275287999983448
setor,0.006101240999981883
setor,0.006158685000002606
setor,0.006798303000010719
setor,0.0062184600000136925
setor,0.005932053999998743
setor,0.006196891999991294
setor,0.006114604999993389
setor,0.006035410999999158
setor,0.00577073799999539
setor,0.0057076550000090265
setor,0.006136461000011195
setor,0.006564312999984168
setor,0.005928545999978496
setor,0.006079486999993833
setor,0.006547691999998051
setor,0.005926455999997415
setor,0.006130348999988655
setor,0.005671126999999387
setor,0.006077243000021326
setor,0.006404541999984303
setor,0.0063251539999953366
setor,0.006293663999997534
setor,0.006483892999995078
setor,0.0062238379999826066
setor,0.006029022999996414
setor,0.0057453489999943486
setor,0.0068219569999996565
setor,0.006102684000012459
setor,0.006835489999986066
setor,0.006226709000003439
setor,0.006257953999977417
setor,0.005796148999991146
setor,0.006527537000010852
setor,0.0064228539999930945
setor,0.006380382000003237
setor,0.005626070999994681
setor,0.005693753000002744
setor,0.006014160000006541
setor,0.006542996999996831
setor,0.006406591999990496
setor,0.007181627000022672
setor,0.006542480000007345
setor,0.006474722999996629
setor,0.006360430999990285
setor,0.005407424999987143
setor,0.0054858869999918625
setor,0.006262100000014925
setor,0.005844274999986965
setor,0.005775056000004497
setor,0.005655453000002808
setor,0.006699734999983775
setor,0.006020888000023206
setor,0.006083735000004253
setor,0.0061363249999999425
setor,0.006442078999981504
setor,0.00570344400000522
setor,0.0060563970000089284
setor,0.006035257000007732
setor,0.006429421999996521
setor,0.00573694499999533
setor,0.005510598000000755
setor,0.005765523999997413
setor,0.006054866999988917
setor,0.005398136999986036
setor,0.005801233999989108
setor,0.005782772999992858
cliente,0.011781338000020014
cliente,0.007259430999994265
cliente,0.007272745000022951
cliente,0.007049762000008286
cliente,0.0077075309999941055
cliente,0.007317475999997214
cliente,0.00713304000001358
cliente,0.007452789000012672
cliente,0.00817406199999482
cliente,0.007356557000008479
cliente,0.007159352999991597
cliente,0.007190033999989964
cliente,0.007238010000008899
cliente,0.007416417000001729
cliente,0.0075133140000218646
cliente,0.006884068999994497
cliente,0.007473806000007244
cliente,0.0071947429999852375
cliente,0.006991572999993423
cliente,0.006689647000001742
cliente,0.007332772000012255
cliente,0.007175710000012714
cliente,0.007888022000003048
cliente,0.006916970999981231
cliente,0.00684143299997686
cliente,0.006930762999985518
cliente,0.006609338999993497
cliente,0.00638608400001317
cliente,0.007257068999990679
cliente,0.007134629000006498
cliente,0.006885600999993358
cliente,0.006783303000020169
cliente,0.007123406000005161
cliente,0.006698655999997527
cliente,0.007536315999999488
cliente,0.00699523999998064
cliente,0.0071944579999865255
cliente,0.006696222999977408
cliente,0.00695071799998459
cliente,0.006689402000006339
cliente,0.007794542999988607
cliente,0.007518208000021787
cliente,0.0071141660000080265
cliente,0.00736795099999199
cliente,0.008329684000017323
cliente,0.008599543999991965
cliente,0.007084924999986697
cliente,0.006733744000001707
cliente,0.00715379700000085
cliente,0.006737784999984342
cliente,0.00649116899998603
cliente,0.006240665999996509
cliente,0.007234191000009105
cliente,0.006587131999992835
cliente,0.0077060290000190435
cliente,0.006838300999987723
cliente,0.006950049000010949
cliente,0.007443547999997691
cliente,0.007748843000001671
cliente,0.007062391000005164
cliente,0.007299928000009004
cliente,0.007126166999995576
cliente,0.007106539999995221
cliente,0.006920890999992935
cliente,0.0075494929999990745
cliente,0.007127489000026799
cliente,0.007173545999989983
cliente,0.006771305999990318
cliente,0.00765771300001461
cliente,0.00704704099999276
cliente,0.006988344000006919
cliente,0.006820752999999513
cliente,0.007658694999975069
cliente,0.006887153000008084
cliente,0.006928678999997828
cliente,0.0072522500000218315
cliente,0.007588193999993109
cliente,0.006989513999997143
cliente,0.010261567000014793
cliente,0.01182024399997772
cliente,0.00734696699998949
cliente,0.006691568000007919
cliente,0.0065632000000164226
cliente,0.006495872000016334
cliente,0.007631175000000212
cliente,0.006367958999987877
cliente,0.006694320999997672
cliente,0.00685500000000161
cliente,0.008183484999989332
cliente,0.007432245000018156
cliente,0.0070665580000195405
cliente,0.0075907030000053055
cliente,0.007975095999995574
cliente,0.007342585999992934
cliente,0.007423854000023766
cliente,0.008853332000001046
cliente,0.009243204999989985
cliente,0.007044191999995064
cliente,0.006768814999986716
cliente,0.006818726000005881
cliente,0.006924515999997993
cliente,0.006470367999980908
cliente,0.005636710000004541
cliente,0.005265183000005891
cliente,0.0048912440000208335
cliente,0.004418350999998211
cliente,0.0043101340000077926
cliente,0.004284643999994842
cliente,0.004482144999997217
cliente,0.00414729199999897
cliente,0.004321438000005173
cliente,0.0040124920000153
cliente,0.004290405000006103
cliente,0.0036301369999875988
cliente,0.0033377359999917644
cliente,0.0033756400000015674
cliente,0.0033742340000060267
cliente,0.0034925170000121852
cliente,0.003421528999979273
cliente,0.003410960999985946
cliente,0.0038867100000175014
cliente,0.003656170999988717
cliente,0.0035976400000095055
cliente,0.003583929999990687
cliente,0.004052184000016723
cliente,0.003796586000021307
cliente,0.003729801000019961
cliente,0.003757385000000113
cliente,0.004335443000002215
cliente,0.00407477400000289
cliente,0.0038197540000055596
cliente,0.0036658810000176345
cliente,0.004355150000009189
cliente,0.003660107999991169
cliente,0.00389766400002145
cliente,0.003579234000000042
cliente,0.004017258000004631
cliente,0.00410112900001991
cliente,0.004038024999999834
cliente,0.004105223000010483
cliente,0.003945523999988154
cliente,0.003820339000014883
cliente,0.003999706999991304
cliente,0.004005317000007835
cliente,0.003937403999998423
cliente,0.004140800000016043
cliente,0.0038214600000117116
cliente,0.0036033319999830837
cliente,0.003815967999997838
cliente,0.0037576400000034482
cliente,0.003684784000000718
cliente,0.0034028599999942344
cliente,0.003850263000003906
cliente,0.0037112779999972645
cliente,0.0033330249999892203
cliente,0.0034457220000092548
cliente,0.0040858719999903315
cliente,0.003903089999994336
cliente,0.004202151000015419
cliente,0.004784687000011445
cliente,0.005657759999991185
cliente,0.0068152039999915814
cliente,0.006769173999998657
cliente,0.006913023000009844
cliente,0.007240326000015784
cliente,0.006539820000000418
cliente,0.006310016000014684
cliente,0.008221706000000495
cliente,0.007555945999996538
cliente,0.006172829000007596
cliente,0.006547998000002053
cliente,0.00647725199999627
cliente,0.007218093000005865
cliente,0.006496994999992012
cliente,0.006151816999988569
cliente,0.005981628999990107
cliente,0.007267926000025682
cliente,0.006408241999992015
cliente,0.006670019000011962
cliente,0.0062574060000031295
cliente,0.006826520000004166
cliente,0.0061891590000016095
cliente,0.006887207999994871
cliente,0.006407287000001816
cliente,0.006892914000019346
cliente,0.006521452000015415
cliente,0.006215422999986231
cliente,0.006504060999986905
cliente,0.0065812490000212165
cliente,0.006575902999998107
cliente,0.006315742999987606
cliente,0.006247647999998662
cliente,0.006598479000018642
cliente,0.00632828900000959
cliente,0.006884533000004467
cliente,0.007168008999997255
cliente,0.007351642999992691
cliente,0.0069968629999834775
cliente,0.006858149999999341
cliente,0.00682029399999351
cliente,0.007560328999971944
cliente,0.007509497999990344
cliente,0.0071977260000153365
cliente,0.007549178000004986
cliente,0.007393851000017548
cliente,0.006712647000000516
cliente,0.00676861499999859
cliente,0.0065809190000152284
cliente,0.007998975000020891
cliente,0.00654462800000033
cliente,0.006680713999998034
cliente,0.006253763000017898
cliente,0.007437801999998328
cliente,0.0063628639999819825
cliente,0.006633518000001004
cliente,0.00638640100001453
cliente,0.006771643000007543
cliente,0.006222628000017494
cliente,0.006314483000011251
cliente,0.006372929000008298
cliente,0.006759683000012728
cliente,0.006134407999979885
cliente,0.0060909830000071
cliente,0.0061197759999913615
cliente,0.00717384500001117
cliente,0.0064148329999795806
cliente,0.006169457999988026
cliente,0.006773224999989225
cliente,0.006043556999998145
cliente,0.0058771160000219425
cliente,0.006269642999995995
cliente,0.0072082140000020445
cliente,0.0069328410000082386
cliente,0.006056412999981831
cliente,0.006531517000013309
cliente,0.006016084000009414
cliente,0.006784157999987883
cliente,0.006990023000014389
cliente,0.007599724000016295
cliente,0.006933088000010912
cliente,0.007849195000005693
cliente,0.007188978000016277
cliente,0.007485462999994752
cliente,0.006642099999993434
cliente,0.007149640000022828
cliente,0.006452486999990015
cliente,0.00668392800000106
cliente,0.007973985000006678
cliente,0.007395909999985406
cliente,0.007328690999997889
cliente,0.007463157000017873
cliente,0.00724084300000527
cliente,0.007560475000019551
cliente,0.006326049999984207
cliente,0.006580786000000671
cliente,0.006574322999995275
cliente,0.006896240000003218
cliente,0.006341230000003861
cliente,0.006716580000016847
cliente,0.006665119000018649
cliente,0.007378289000001814
cliente,0.007201382999994621
cliente,0.006620261999984223
cliente,0.006451099000003069
cliente,0.007194654000016953
cliente,0.006774747999997999
cliente,0.006424170999991929
cliente,0.006425768000013932
cliente,0.0067528550000020005
cliente,0.006671489000012798
cliente,0.0065216289999909804
cliente,0.0065155670000081045
cliente,0.006651812999990625
cliente,0.006547552000000678
cliente,0.006814607999984901
cliente,0.00639555800000835
cliente,0.0070766099999843846
cliente,0.007158736999997473
cliente,0.007249870999999075
cliente,0.006896874999995362
cliente,0.007489493999997876
cliente,0.007480291000007355
cliente,0.0067243770000118275
cliente,0.006795334000003095
cliente,0.006844963000020243
cliente,0.006546753000009176
cliente,0.006712187999994512
cliente,0.006228480000004311
cliente,0.007356579000003194
cliente,0.007111097000006339
cliente,0.007245428000004495
cliente,0.006115590999996812
cliente,0.007290171000022383
cliente,0.00617909499999314
cliente,0.006252455999998574
cliente,0.006135178000022279
cliente,0.008214461999983769
cliente,0.006635460000012472
cliente,0.006841273000020465
cliente,0.007420746000008194
cliente,0.007667440999995279
cliente,0.006639247999999043
cliente,0.006632133000010754
cliente,0.0065339049999977306
cliente,0.006876032999997506
cliente,0.006486784000003354
cliente,0.0064460349999819755
cliente,0.0063420099999973445
cliente,0.007071615000000975
cliente,0.0066647049999915
cliente,0.006905638999995745
cliente,0.006929795000019112
cliente,0.007316512000016928
cliente,0.006379670999990594
cliente,0.006450670999981867
cliente,0.006403930999994145
cliente,0.007524740999997448
cliente,0.006618975000009186
cliente,0.006577265999993642
cliente,0.006629201999999168
cliente,0.007590367999995351
cliente,0.0067688519999933305
cliente,0.0064578390000065156
cliente,0.0066678560000070775
cliente,0.006391626999999289
cliente,0.006320944000009376
cliente,0.006791947000010623
cliente,0.006166806999999608
cliente,0.006919288000005963
cliente,0.006315534000009393
cliente,0.006431717999987541
cliente,0.006053968000003351
cliente,0.007046303000009857
cliente,0.0067835160000129235
cliente,0.009170388999990564
cliente,0.009844736000019338
cliente,0.008224353999992218
cliente,0.008388452000019697
cliente,0.006342211000003317
cliente,0.006491492999998627
cliente,0.008459676000001082
cliente,0.0072983800000088195
cliente,0.007175856000003478
cliente,0.007083762999997134
cliente,0.007259349000008797
cliente,0.006608155000009219
cliente,0.0068927220000034595
cliente,0.006905950999993138
cliente,0.007304116000000249
cliente,0.007050893000013048
cliente,0.006364540000021179
cliente,0.006039124000011498
cliente,0.006207813000003171
cliente,0.00514374400000861
cliente,0.005032478999993373
cliente,0.005412650000010899
cliente,0.004915983000017832
cliente,0.004355930000002672
cliente,0.004431361999991168
cliente,0.0040105449999998655
cliente,0.004488596000015832
cliente,0.003558722999997599
cliente,0.004488026000018408
cliente,0.004497141000001648
cliente,0.004603965999990578
cliente,0.005470249000012473
cliente,0.005233718999988923
cliente,0.008297623999993675
cliente,0.006704846999980418
cliente,0.005790294999997059
cliente,0.005143728999996711
cliente,0.004252686000000949
cliente,0.004139379000008603
cliente,0.0038914609999949334
cliente,0.003701827000014646
cliente,0.0036007100000006176
cliente,0.004164319000011574
cliente,0.003789654000001974
cliente,0.0037090959999943607
cliente,0.0036518639999769675
cliente,0.004137288000009676
cliente,0.003972193000009838
cliente,0.0037659169999813003
cliente,0.00392132999999717
cliente,0.004302387999985058
cliente,0.003851209000004019
cliente,0.0036672749999979715
cliente,0.004245349000001397
cliente,0.004255096000008507
cliente,0.004128433999994741
cliente,0.004222104000007221
cliente,0.004276775999983329
cliente,0.004166225000005852
cliente,0.00425424299999122
cliente,0.00459492799998884
cliente,0.003879630000000134
cliente,0.004213676000006217
cliente,0.004213007999993579
cliente,0.004003863999997748
cliente,0.0038921329999936916
cliente,0.006079231999990498
cliente,0.004589627999990853
cliente,0.0038908770000034565
cliente,0.0037746920000074624
cliente,0.004624753000001647
cliente,0.004383490999998685
cliente,0.0038320210000222232
cliente,0.004163021000010758
cliente,0.004023869999997487
cliente,0.003267382000018415
cliente,0.0032393460000150753
cliente,0.004046871000014107
cliente,0.0035303209999995033
cliente,0.0032429800000102205
cliente,0.0030711429999996653
cliente,0.0033607519999918622
cliente,0.0034631489999981113
cliente,0.003147720000015397
cliente,0.0031171970000229976
cliente,0.0033078820000014275
cliente,0.003319760000010774
cliente,0.0030291600000111885
cliente,0.0036200049999877137
cliente,0.003519317000012734
cliente,0.004458250999988422
cliente,0.0052404500000022836
cliente,0.0056335720000220135
cliente,0.006766584000018838
cliente,0.006833814000003713
cliente,0.0061522000000024946
cliente,0.00614092399999322
cliente,0.006598496999998815
cliente,0.0068833939999990434
cliente,0.00641482100002122
cliente,0.0061606599999777245
cliente,0.006265552000002117
cliente,0.006447365999974863
cliente,0.006229366999974673
cliente,0.006203347000024451
cliente,0.0063507170000036695
cliente,0.006172405000000936
cliente,0.006391602000007879
cliente,0.006360654999980397
cliente,0.006148736999989524
cliente,0.006819476000003988
cliente,0.006177433000004839
cliente,0.00612027799999737
cliente,0.006307385999974713
cliente,0.00671911700001715
cliente,0.006293249999998807
cliente,0.006004625999992186
cliente,0.006030871999996634
cliente,0.006423017999992453
cliente,0.005890485999998418
cliente,0.0056781769999929566
cliente,0.005663349000002427
cliente,0.006434218999999075
cliente,0.005990440000005037
cliente,0.006353362999988121
cliente,0.006040440999981911
cliente,0.005635181999991801
cliente,0.00514183799998591
cliente,0.005432573000007324
cliente,0.0053288360000181
cliente,0.005929278999985854
cliente,0.0059498489999896265
cliente,0.00612423199999057
cliente,0.006129360000016959
cliente,0.006549966999983781
cliente,0.005801039000004948
cliente,0.006551500999989912
cliente,0.007652858000000151
cliente,0.0069754780000153005
cliente,0.006539411999995082
cliente,0.005970275000009906
cliente,0.005925083000022369
cliente,0.006390814000013734
cliente,0.006150297000004912
cliente,0.00661223899999186
cliente,0.005954810000019961
cliente,0.006644087000012178
cliente,0.006078975999997738
cliente,0.006255964000018821
cliente,0.005839492000006885
cliente,0.007102469000017209
cliente,0.005598914000017885
cliente,0.005778355000018109
cliente,0.006561515000015561
cliente,0.006465330999986918
cliente,0.00562376900001027
cliente,0.005774644000013041
cliente,0.005601259000002301
cliente,0.005834737999975914
cliente,0.0053231299999936255
cliente,0.005249031000005289
cliente,0.005714105999999219
cliente,0.005920967000008659
cliente,0.005507356000009622
cliente,0.0052420260000189955
cliente,0.005714135000005172
cliente,0.005442176000002519
cliente,0.00511638800000469
cliente,0.005524100000002363
cliente,0.005325414999987288
cliente,0.005539712000000918
cliente,0.005340732999997044
cliente,0.005517220000001544
cliente,0.004485543000015468
cliente,0.0057912540000018
cliente,0.0058748600000058104
cliente,0.006834089999983917
cliente,0.0067861599999901046
cliente,0.006717670000000453
cliente,0.006383239000001595
cliente,0.005795973000005006
cliente,0.006993736999987732
cliente,0.005885151999990512
cliente,0.0058164559999909216
cliente,0.005598315000014509
cliente,0.005763958000017055
cliente,0.0068487560000107806
cliente,0.006835632000019132
cliente,0.006643312999983664
cliente,0.006663094999993291
cliente,0.006691286999995327
cliente,0.0060276910000141015
cliente,0.006309484000013299
cliente,0.0061637259999827165
cliente,0.006874170999992657
cliente,0.006187482999990834
cliente,0.00584615900001495
cliente,0.006048046999978851
cliente,0.006109011999996028
cliente,0.006037920000011354
cliente,0.006002851000005194
cliente,0.00611250200000768
cliente,0.007410049000014851
cliente,0.006154866000002812
cliente,0.006765584000021363
cliente,0.006119949999998653
cliente,0.0067953409999859105
cliente,0.006438038999988294
cliente,0.006025236999988692
cliente,0.006536533000002009
cliente,0.006644333999986429
cliente,0.006087768000014648
cliente,0.0058557300000074974
cliente,0.0061860259999946265
cliente,0.006273561000000427
cliente,0.006310227000000168
cliente,0.006061200000004874
cliente,0.0058318339999914315
cliente,0.006964350999993485
cliente,0.00611517600000866
cliente,0.006360498000020698
cliente,0.00582348099999308
cliente,0.006879201000003832
cliente,0.0060544889999789575
cliente,0.005937802000005377
cliente,0.006083576000008861
cliente,0.006212751000020944
cliente,0.005652216999976645
cliente,0.005535332000022208
cliente,0.006182218999981615
cliente,0.006266355999997586
cliente,0.005648734999994076
cliente,0.00576676500000417
cliente,0.005380295999998452
cliente,0.006150762999993731
cliente,0.005737822000014603
cliente,0.005542420999972819
cliente,0.0057167100000015125
cliente,0.006315827000008767
cliente,0.006176005000014584
cliente,0.005518238999997038
cliente,0.006209931000000779
cliente,0.006020396999986133
cliente,0.005697005999991234
cliente,0.006164459000018496
cliente,0.005910236999994822
cliente,0.006266103999990946
cliente,0.005484049000017421
cliente,0.005620246000006546
cliente,0.005592812999992702
cliente,0.006090531000012334
cliente,0.005519829000007803
cliente,0.0057619399999850884
cliente,0.005681251999988035
cliente,0.006880391000009922
cliente,0.00723980000000779
cliente,0.006499813000004906
cliente,0.006180817000000616
cliente,0.006762439999988601
cliente,0.006061171999988346
cliente,0.006302131000012423
cliente,0.006129507999986572
cliente,0.00660270000000196
cliente,0.0063975120000066
cliente,0.006741481999995358
cliente,0.006004232999998749
cliente,0.006712749999991274
cliente,0.006203827999996747
cliente,0.006031582000019853
cliente,0.00605517100001407
cliente,0.006613605999973515
cliente,0.005859693000019206
cliente,0.006190551000003097
cliente,0.005733230000004141
cliente,0.006858043999983465
cliente,0.005989110000001574
cliente,0.005800487000016119
cliente,0.0057354119999786235
cliente,0.0065436690000240105
cliente,0.00602353099998254
cliente,0.0062981799999874966
cliente,0.006016062999975702
cliente,0.0063584549999973206
cliente,0.006040498000004391
cliente,0.006038290999981655
cliente,0.0061008460000095965
cliente,0.006041911000011169
cliente,0.006015448999988848
cliente,0.005949057999998786
cliente,0.005901031999997031
cliente,0.00631645999999364
cliente,0.0060650570000007065
cliente,0.006546623000019736
cliente,0.006249411999988297
cliente,0.006799767000018164
cliente,0.006206106000007594
cliente,0.006068260000006376
cliente,0.0060657110000192915
cliente,0.00642774299998905
cliente,0.005909381000009262
cliente,0.005821006999980227
cliente,0.0062336419999837744
cliente,0.006160891000007496
cliente,0.005818218999991132
cliente,0.005592057000001205
cliente,0.006703278000003365
cliente,0.006505188000005546
cliente,0.005739119999986997
cliente,0.006049017000009371
cliente,0.005787121999986766
cliente,0.006356194000005644
cliente,0.005689087000007476
cliente,0.0055147399999952995
cliente,0.005465022999999292
cliente,0.005830787000007831
cliente,0.005405506000016658
cliente,0.0049634910000122545
cliente,0.005452661000020953
cliente,0.005657249000023512
cliente,0.005098068999984662
cliente,0.004802201000018158
cliente,0.004807490999979791
cliente,0.005077588000006017
cliente,0.006367186000005631
cliente,0.0064092010000251776
cliente,0.006607364000018379
cliente,0.006339900000000398
cliente,0.0058839030000115145
cliente,0.005734199000016815
cliente,0.005609510999988743
cliente,0.007223190000019031
cliente,0.00618077199999334
cliente,0.005928751999988435
cliente,0.005709496999998009
cliente,0.006443125999993526
cliente,0.006109487000003355
cliente,0.00596033200000079
cliente,0.006055016000004798
cliente,0.006020626999998058
cliente,0.005816246999984287
cliente,0.006160921999992297
cliente,0.0060402269999997316
cliente,0.006286598000002641
cliente,0.006117404999997689
cliente,0.0060563260000208174
cliente,0.006035989999986668
cliente,0.007076468999997587
cliente,0.006492764000000761
cliente,0.006248921999997492
cliente,0.005390280999989727
cliente,0.005492194999987987
cliente,0.004941997000003084
cliente,0.005342442999989316
cliente,0.005153824999979406
cliente,0.0055402830000161885
cliente,0.004955984999980956
cliente,0.004846270000001596
cliente,0.004413454999991018
cliente,0.005006635999990294
cliente,0.004426532999985966
cliente,0.004312420000019301
cliente,0.0043769270000098
cliente,0.004770325000009734
cliente,0.0041399539999815715
cliente,0.004101044000009324
cliente,0.004170238999989806
cliente,0.004367784000010033
cliente,0.005413673999981938
cliente,0.004725680999996484
cliente,0.0044622679999974935
cliente,0.004600906999996823
cliente,0.004120486999994455
cliente,0.004217605999997431
cliente,0.004046326000008094
cliente,0.004172220000015159
cliente,0.003939814000005981
cliente,0.003905728999995972
cliente,0.003702074999978322
cliente,0.004323345000017298
cliente,0.00373952900000063
cliente,0.003793811000008418
cliente,0.0036359370000127456
cliente,0.004046780999999555
cliente,0.003606782000019848
cliente,0.0037506939999900624
cliente,0.0038711079999984577
cliente,0.004075326000020141
cliente,0.0038312879999864435
cliente,0.0036317720000056397
cliente,0.0037179939999987255
cliente,0.00410079499999938
cliente,0.003729217999989487
cliente,0.0036049910000031105
cliente,0.003611652999978787
cliente,0.0037418170000194095
cliente,0.003778224999990698
cliente,0.004192206999988457
cliente,0.004134246000006669
cliente,0.004962018000014723
cliente,0.004347034999995003
cliente,0.004768778999988399
cliente,0.00596895999998992
cliente,0.006704949999999599
cliente,0.006185828999974774
cliente,0.005738317000009374
cliente,0.006971076000013454
cliente,0.006571236000013414
cliente,0.007049324999996998
cliente,0.006117077999988396
cliente,0.006291492000002563
cliente,0.006521035999980995
cliente,0.005671726000002764
cliente,0.00555267999999387
cliente,0.006219275000006519
cliente,0.006198476999998093
cliente,0.005653542000004563
cliente,0.005420342999997274
cliente,0.0055258900000012545
cliente,0.006137225000003355
cliente,0.005897274999995261
cliente,0.005467723999998952
cliente,0.0057092669999860846
cliente,0.006211363000005576
cliente,0.0061742350000031365
cliente,0.005744520999996894
cliente,0.0053925699999979315
cliente,0.0058837990000029095
cliente,0.00520917000000054
cliente,0.005373823999974547
cliente,0.005519651000014392
cliente,0.0068512350000276
cliente,0.0060667550000061965
cliente,0.005546664000007695
cliente,0.0056287689999976465
cliente,0.0061631800000157
cliente,0.005571941999988894
cliente,0.005672863000000916
cliente,0.005448451000006571
cliente,0.00568441400000097
cliente,0.005868796000015664
cliente,0.005662821000015583
cliente,0.006090772000021616
cliente,0.006853027000005341
cliente,0.006050519000012855
cliente,0.005947969000004605
cliente,0.00560874800001443
cliente,0.006580509999992046
cliente,0.006667048999986491
cliente,0.0059961139999984425
cliente,0.005866998999977113
cliente,0.006365004999992152
cliente,0.005735827999984622
cliente,0.005721728999986908
cliente,0.006832849999995005
cliente,0.006937346999990268
cliente,0.00721530900000289
cliente,0.006571894999979122
cliente,0.006170704000027172
cliente,0.0067655400000035115
cliente,0.006253845999992791
cliente,0.006338814999992337
cliente,0.0064014539999845965
cliente,0.006956162000022914
cliente,0.00625416099998688
cliente,0.0066681210000183455
cliente,0.006348278000018581
cliente,0.00676967699999409
cliente,0.006011504000014156
cliente,0.006121839000002183
cliente,0.0058103000000073735
cliente,0.00651557799997704
cliente,0.005972356999990325
cliente,0.00638770799997701
cliente,0.006465672000018685
cliente,0.006568485000002511
cliente,0.006146093000012343
cliente,0.005964842999986786
cliente,0.006199525999988964
cliente,0.007044930999995813
cliente,0.006044649999978446
cliente,0.006680313000003935
cliente,0.005855977999999595
cliente,0.006315037000007351
cliente,0.005812022000014849
cliente,0.005667918000000327
cliente,0.0057873060000019905
cliente,0.006301500999995824
cliente,0.005653685999988056
cliente,0.005294747999982974
cliente,0.0053131059999884656
cliente,0.0065897599999971135
cliente,0.005457123000013553
cliente,0.006047870000003286
cliente,0.006065570000004072
cliente,0.006569765999984156
cliente,0.006204407000012679
cliente,0.005988145000003442
cliente,0.006215123999993466
cliente,0.006934768000007807
cliente,0.0059989540000060515
cliente,0.005261296000014681
cliente,0.005477307999996128
cliente,0.00640753600001176
cliente,0.005259821000009879
cliente,0.005242489000011119
cliente,0.005173510000020087
cliente,0.005955932000006214
cliente,0.005874914000003173
cliente,0.005551447000016196
cliente,0.005717167000000245
cliente,0.006394247999992331
cliente,0.006456231000015578
cliente,0.005879742999979953
cliente,0.005803917999998021
cliente,0.006456533999994463
cliente,0.0061843419999831895
cliente,0.005805971999990334
cliente,0.005741112999999132
cliente,0.0073564759999840135
cliente,0.006080353000015748
cliente,0.006860767999995687
cliente,0.005939979000004314
cliente,0.00637215000000424
cliente,0.006066833000005545
cliente,0.005639164999990953
cliente,0.00545686099999898
cliente,0.006159068000016532
cliente,0.0058511130000056255
cliente,0.005559668000017837
cliente,0.005378067000009423
cliente,0.0060575880000044435
cliente,0.005509894999988774
cliente,0.005537750000002006
cliente,0.005375609999987319
cliente,0.005802229000011039
cliente,0.0052018149999923935
cliente,0.005758035000013706
cliente,0.006531109999997398
cliente,0.0062719329999936235
cliente,0.005866834000016752
cliente,0.005968910999996524
cliente,0.005496905000001107
cliente,0.0059060069999929965
cliente,0.005682583999998769
cliente,0.00536894000001098
cliente,0.005634759999992411
cliente,0.005705075000008719
cliente,0.005716061000015316
cliente,0.006274352999980692
cliente,0.005891700999995919
cliente,0.006317615000000387
cliente,0.006086921999980177
cliente,0.006271510999994234
cliente,0.005827968999994937
cliente,0.006366485000000921
cliente,0.005953649000019823
cliente,0.007255219000001034
cliente,0.005623110999977143
cliente,0.00524670100000435
cliente,0.004505555000008599
cliente,0.004123888999998826
cliente,0.003960511000002498
cliente,0.004070464999983869
cliente,0.003857543999998825
cliente,0.00350721999998882
cliente,0.0035056560000157333
cliente,0.0034460470000112764
cliente,0.0032659050000063417
cliente,0.0031744930000172644
cliente,0.003206049999988636
cliente,0.0033531310000114445
cliente,0.003163588000006712
cliente,0.003018408000002637
cliente,0.0030639469999869107
cliente,0.0031467500000132986
cliente,0.0030581940000047325
cliente,0.0030836299999918992
cliente,0.003073755999992045
cliente,0.003633019999995213
cliente,0.0032127919999993537
cliente,0.0030149100000187445
cliente,0.0030179689999840775
cliente,0.0034607800000117095
cliente,0.003646599000006745
cliente,0.003731595999994397
cliente,0.004289614999976266
cliente,0.004755893000009337
cliente,0.004944436000016594
cliente,0.0060062789999904
cliente,0.0059434039999928245
cliente,0.005633697999996912
cliente,0.004784732000018721
cliente,0.004691777000005004
cliente,0.004430931000001692
cliente,0.008183669000004556
cliente,0.006553197999977556
cliente,0.003519399999987627
cliente,0.0032742030000179057
cliente,0.003636227000015424
cliente,0.003162140999990015
cliente,0.00312929800000461
cliente,0.0031242169999927683
cliente,0.0031974369999829833
cliente,0.003052428000017926
cliente,0.0030573139999887644
cliente,0.00302417899999341
cliente,0.003225087000004123
cliente,0.003026291999987052
cliente,0.0029913559999954487
cliente,0.003511584999984052
cliente,0.0032918499999823325
cliente,0.0031679859999940163
cliente,0.0030699639999909323
cliente,0.003130276999996795
cliente,0.003287786000015558
cliente,0.0033510810000052516
cliente,0.003164384000001519
cliente,0.0031107960000156254
cliente,0.0032111670000176673
cliente,0.003039225999998507
cliente,0.003030943999988267
cliente,0.0030961399999966943
cliente,0.0032551759999819296
cliente,0.0032116739999992205
cliente,0.0030586850000133836
cliente,0.0031078140000033727
cliente,0.003357545000000073
cliente,0.0030717329999845333
cliente,0.0030111270000077184
cliente,0.0030087099999889233
cliente,0.0036245339999823045
cliente,0.0032239059999881192
cliente,0.0033609380000143574
cliente,0.00336681799998928
cliente,0.0040683100000080685
cliente,0.0033543069999950603
cliente,0.003586928999993688
cliente,0.0032466039999974328
cliente,0.003441301000009389
cliente,0.0033449670000038623
cliente,0.0033478169999909824
cliente,0.0033099139999990257
cliente,0.003680344000002833
cliente,0.003570372000012867
cliente,0.0035229439999966417
cliente,0.0032105200000103196
cliente,0.003469169999988253
cliente,0.0031429910000042582
cliente,0.003100705999997899
cliente,0.003483048000020972
cliente,0.0036104130000182977
cliente,0.003431626999997661
cliente,0.003505528999994567
cliente,0.003355878000007806
cliente,0.0035119339999880594
cliente,0.0031772879999891757
cliente,0.0030696000000034473
cliente,0.003226081999997632
cliente,0.003609035000010863
cliente,0.003485117999986187
cliente,0.004010877000013124
cliente,0.004394455999999991
cliente,0.005379843000014262
cliente,0.005611225999984981
cliente,0.0061127219999832505
cliente,0.006317285000022821
item,0.018244602999999415
item,0.0053514360000122
item,0.005072390000009364
item,0.005765241999995396
item,0.0059621979999917585
item,0.00544598499999438
item,0.00577566000001184
item,0.005315144999997301
item,0.0051085299999726885
item,0.004544924000015271
item,0.004307097000008753
item,0.0037531110000088574
item,0.0037970099999995455
item,0.004203639999985853
item,0.0028524010000126054
item,0.002658289999999397
item,0.002784683000015775
item,0.0026975399999855654
item,0.0025859430000139128
item,0.0025175929999932123
item,0.0025778910000155975
item,0.002497382999990805
item,0.0024596579999922596
item,0.0025178619999906005
item,0.002623980000009851
item,0.002340449000001854
item,0.0025399550000031468
item,0.00286019500001089
item,0.0029159210000102576
item,0.0026529490000086753
item,0.0024867500000027576
item,0.002623032999991892
item,0.0027105199999937213
item,0.0025211299999909897
item,0.002590220000001864
item,0.002529867000021113
item,0.0028222509999977774
item,0.002662197000006472
item,0.002605789999989838
item,0.0028855429999907756
item,0.0025672659999997904
item,0.0024270819999969717
item,0.00261482100000876
item,0.002532201000008172
item,0.0026420799999868905
item,0.002520584000023973
item,0.002431360000002769
item,0.002418983000012531
item,0.002881988000012825
item,0.002609015000018644
item,0.0022657799999876715
item,0.002187378000002127
item,0.0027151459999856797
item,0.0024935570000081952
item,0.002564450999983592
item,0.002469912999998769
item,0.00294463000000178
item,0.0026689359999920725
item,0.002890755999999328
item,0.0032064639999873634
item,0.004280910000005633
item,0.0036224300000071707
item,0.0035477289999903405
item,0.003364052999984324
item,0.0032141930000193497
item,0.002945293999999876
item,0.003029954999988149
item,0.0028656009999963317
item,0.0028145029999961935
item,0.002594538000010971
item,0.00262964500001317
item,0.00265525900002217
item,0.0031393639999919287
item,0.0027456919999906404
item,0.002569042000004629
item,0.0027254299999981413
item,0.0029757129999836707
item,0.002657794999976204
item,0.002690217000008488
item,0.0026055339999970784
item,0.002794310999973959
item,0.0026169369999990977
item,0.002556254999973362
item,0.002665922000005594
item,0.0027282770000169876
item,0.0026362830000152826
item,0.002698405999979059
item,0.002560243999994327
item,0.002676364999985026
item,0.0026399829999945723
item,0.002592298999985587
item,0.0025510090000011587
item,0.002616826000007677
item,0.002576274999995576
item,0.0024881419999758236
item,0.0025465239999959977
item,0.0026635469999973793
item,0.0028053069999884883
item,0.0027059909999991305
item,0.0026500849999990805
estoque,0.003011410999988584
estoque,0.0028706569999883413
estoque,0.0026502959999845643
estoque,0.0024744540000085635
estoque,0.002746636000011904
estoque,0.002546904000013228
estoque,0.0026024699999993572
estoque,0.0024963810000144804
estoque,0.00274425900002484
estoque,0.0024650180000094224
estoque,0.0026026449999960732
estoque,0.0024748969999848214
estoque,0.0024104149999857327
estoque,0.0022819160000153715
estoque,0.0021803470000065772
estoque,0.0021869269999967855
estoque,0.0025262469999915993
estoque,0.0023089370000093368
estoque,0.0022636959999999817
estoque,0.0023109050000016396
estoque,0.0023417980000033367
estoque,0.002305147000015495
estoque,0.0022273010000049
estoque,0.002247771000014609
estoque,0.002385531000015817
estoque,0.002247027999999318
estoque,0.0023290459999998347
estoque,0.0030098809999969944
estoque,0.0026546880000068995
estoque,0.002457274999983383
estoque,0.002606839999998556
estoque,0.0023515119999899525
estoque,0.002388848999999027
estoque,0.0022731269999951564
estoque,0.0022137079999993148
estoque,0.0021675220000076934
estoque,0.002229921000008517
estoque,0.002264239999988149
estoque,0.0025222069999983887
estoque,0.0024566359999766973
estoque,0.0026048120000154995
estoque,0.0024823570000194195
estoque,0.002242254000009325
estoque,0.002375953000012032
estoque,0.002632615000010219
estoque,0.002519008000007261
estoque,0.0024526509999986956
estoque,0.002481123999984902
estoque,0.0024947869999891736
estoque,0.0024608669999963695
estoque,0.002540903999999955
estoque,0.002594082000001663
estoque,0.002593442999994977
estoque,0.0024340340000037486
estoque,0.0024559379999971043
estoque,0.0024490400000161117
estoque,0.0024900600000137274
estoque,0.002365615000002208
estoque,0.002409095999979627
estoque,0.0024156259999870144
estoque,0.0027918119999981172
estoque,0.0027055099999984122
estoque,0.00236913199998412
estoque,0.0022837240000228576
estoque,0.0026100439999936498
estoque,0.002745727999979408
estoque,0.0024407910000263655
estoque,0.002368266000019048
estoque,0.00260254899998813
estoque,0.0023167420000049788
estoque,0.0022249630000032994
estoque,0.0022342420000143193
estoque,0.0023930650000068
estoque,0.002272704999995767
estoque,0.0021350739999945745
estoque,0.0021658430000002227
estoque,0.002292843999981642
estoque,0.00238019899998676
estoque,0.0022391830000003665
estoque,0.0021846719999985
estoque,0.00233907300000169
estoque,0.002318252999998549
estoque,0.002086719999994102
estoque,0.002173615999993217
estoque,0.002305257000017491
estoque,0.0022409799999820734
estoque,0.0021656880000193723
estoque,0.0025226180000004206
estoque,0.002552932000014607
estoque,0.0022858230000224466
estoque,0.002170425999992176
estoque,0.0019688990000190643
estoque,0.0022132709999880262
estoque,0.002180799999990768
estoque,0.002252669000000651
estoque,0.0024315990000047805
estoque,0.003057560000002013
estoque,0.0031664070000090305
estoque,0.0035169399999972484
estoque,0.003658722000011494
estoque,0.0044031469999765704
estoque,0.003844251000003851
estoque,0.0038610919999939597
estoque,0.003640576999998757
estoque,0.0042396249999967495
estoque,0.003727030000021614
estoque,0.0037831940000216946
estoque,0.0042906230000028245
estoque,0.0045773520000125245
estoque,0.004304437000001826
estoque,0.004132816000009143
estoque,0.004027935999999954
estoque,0.004220588999999109
estoque,0.004191534999989699
estoque,0.004158075999981747
estoque,0.003963650999992296
estoque,0.004477331999993339
estoque,0.004213391000007505
estoque,0.004048883999985264
estoque,0.0041758689999937815
estoque,0.004723181999992221
estoque,0.004515399000013076
estoque,0.00445283900000959
estoque,0.004430356000000302
estoque,0.004405570000017178
estoque,0.004125017999996317
estoque,0.004603140999989819
estoque,0.004313836000022775
estoque,0.004467485999981591
estoque,0.004251743000025954
estoque,0.004246709999989662
estoque,0.0040425469999831876
estoque,0.00429096000002005
estoque,0.0044213230000025305
estoque,0.004245052999976906
estoque,0.004395574000000124
estoque,0.004623317000010729
estoque,0.004402696999989075
estoque,0.004111265999995339
estoque,0.00416483200001494
estoque,0.004659881999998561
estoque,0.004575120999987803
estoque,0.004410441000004539
estoque,0.0038951389999795083
estoque,0.004538746999998011
estoque,0.004313166000002866
estoque,0.004483233999991398
estoque,0.004077847999980122
estoque,0.004370975000000499
estoque,0.004278190000007953
estoque,0.003939955999982203
estoque,0.004365253999992547
estoque,0.004540512999994917
estoque,0.004397705000002361
estoque,0.004024978999979112
estoque,0.004859716999987995
estoque,0.004822620999988203
estoque,0.004498126999976648
estoque,0.00404569899998819
estoque,0.003880871999996316
estoque,0.004683231000001342
estoque,0.004405098999995971
estoque,0.004194347999998627
estoque,0.004128433999994741
estoque,0.0044738940000002
estoque,0.00463479499998698
estoque,0.004500179000018534
estoque,0.003991089000010106
estoque,0.004808834000016304
estoque,0.0042828180000071825
estoque,0.0040353530000061255
estoque,0.004139729000002035
estoque,0.004566928999992115
estoque,0.004205976000008604
estoque,0.004452712000016845
estoque,0.004058303999983082
estoque,0.004650129000026482
estoque,0.0044993269999906715
estoque,0.004193900999979405
estoque,0.004086599000004298
estoque,0.005920148000001291
estoque,0.004788016000020434
estoque,0.004367459999997436
estoque,0.0042185570000015105
estoque,0.004804510999974809
estoque,0.0044314239999891925
estoque,0.004560779999991382
estoque,0.004378911000003427
estoque,0.00474611200002073
estoque,0.0043754290000208584
estoque,0.004243932999997924
estoque,0.004121809999986681
estoque,0.004668928999990385
estoque,0.004503001999978551
estoque,0.00439089900001477
estoque,0.00490554800001064
estoque,0.004877819000000727
estoque,0.004954948000005288
estoque,0.0047532620000083625
estoque,0.0045567500000061045
estoque,0.004576126000017666
estoque,0.003826656000001094
estoque,0.003681088999996973
estoque,0.0032476780000081362
estoque,0.0031161570000222127
estoque,0.0028507810000064637
estoque,0.002631862000015417
estoque,0.002428205999990496
estoque,0.0024116239999898426
estoque,0.00227738899999963
estoque,0.0023030119999987164
estoque,0.0022261299999968287
estoque,0.002362728000008474
estoque,0.0022868890000040665
estoque,0.0021307989999854726
estoque,0.0022596910000061143
estoque,0.00239246700002127
estoque,0.0022923630000093453
estoque,0.00222683300000881
estoque,0.0022203679999961423
estoque,0.0022960260000104427
estoque,0.0023457929999892713
estoque,0.002277092000014136
estoque,0.002294608999989123
estoque,0.002337430000011409
estoque,0.0021763700000008157
estoque,0.002201600000006465
estoque,0.002158259999987422
estoque,0.002329566000014438
estoque,0.002235441999999921
estoque,0.0025787339999965297
estoque,0.0023346229999958723
estoque,0.002485391000021764
estoque,0.002453815999984954
estoque,0.0025328250000029584
estoque,0.0023595410000041284
estoque,0.002685454000015852
estoque,0.002426645000014105
estoque,0.002379128000001174
estoque,0.002243857999985721
estoque,0.002378384999985883
estoque,0.0022244109999860484
estoque,0.0024385290000168425
estoque,0.0024594950000107474
estoque,0.0023905590000197208
estoque,0.0022631529999728173
estoque,0.002464860000003455
estoque,0.0023653299999750743
estoque,0.002415794000000915
estoque,0.0023524450000138586
estoque,0.0022776849999956994
estoque,0.00230376500002194
estoque,0.0025099210000121275
estoque,0.0023338439999918137
estoque,0.0022649779999994735
estoque,0.002204440000014074
estoque,0.0024103739999929985
estoque,0.0023218860000042696
estoque,0.0022724979999964035
estoque,0.0022849450000137494
estoque,0.002427040999975816
estoque,0.0023108770000135337
estoque,0.0021627200000011726
estoque,0.002178100999998378
estoque,0.002603768000000173
estoque,0.002445833999985325
estoque,0.0023802919999980077
estoque,0.0022225519999778953
estoque,0.0023934079999889946
estoque,0.002283997000006366
estoque,0.002084634000027563
estoque,0.0022562100000129703
estoque,0.002238867000016853
estoque,0.002262978000004523
estoque,0.0021240970000064863
estoque,0.002228875000014341
estoque,0.002396028999982036
estoque,0.0023760549999849445
estoque,0.002350883999980624
estoque,0.0023389620000102695
estoque,0.002473549000001185
estoque,0.002358311999984153
estoque,0.0022100199999783854
estoque,0.0022293989999866426
estoque,0.0024176029999978255
estoque,0.0025090110000007826
estoque,0.002445336999983283
estoque,0.0023704399999928683
estoque,0.002364602999989529
estoque,0.002318986000005907
estoque,0.0023706179999862798
estoque,0.002410272999981089
estoque,0.0025472380000053363
estoque,0.0024024100000019644
estoque,0.0023223240000049827
estoque,0.002254558000004181
estoque,0.002352800000011257
estoque,0.0022449520000122902
estoque,0.002233606000004329
estoque,0.0021677359999898727
estoque,0.0022772309999936624
estoque,0.0022190059999900313
estoque,0.002247238999984802
estoque,0.0023124699999925724
estoque,0.002382052000001522
estoque,0.0023343039999872417
estoque,0.0022560270000155924
estoque,0.002299156999981733
estoque,0.002459193000021287
estoque,0.0023446719999924426
estoque,0.00221443099999874
estoque,0.0024139980000086325
estoque,0.0024047699999982797
estoque,0.0025616430000070523
estoque,0.0022834199999977045
estoque,0.002003508000001375
estoque,0.0023098269999763943
estoque,0.0022550950000095327
estoque,0.002046070000005784
estoque,0.0021206590000133474
estoque,0.002376167000022633
estoque,0.002417699999995193
estoque,0.002320914999984325
estoque,0.002401239999983318
estoque,0.0027262090000022
estoque,0.0030671840000024986
estoque,0.003128828000001249
estoque,0.0037192480000101114
estoque,0.004422830999999405
estoque,0.004716690999998718
estoque,0.005846156000018254
estoque,0.004509967999979381
estoque,0.004782210999991321
estoque,0.0044781489999934365
estoque,0.00430844699999966
estoque,0.004151460999992196
estoque,0.0045284470000126475
estoque,0.0038980230000049687
estoque,0.0037642769999877146
estoque,0.003611575999997285
estoque,0.004321226000001843
estoque,0.003892957000005026
estoque,0.003705762000009827
estoque,0.00376162099999533
estoque,0.004214238000002979
estoque,0.004038600999990649
estoque,0.003876958000006425
estoque,0.0041322410000077525
estoque,0.00417928199999551
estoque,0.0041255959999944025
estoque,0.0040655090000143446
estoque,0.003877815000009832
estoque,0.004436522000020204
estoque,0.004205627999994022
estoque,0.0040943250000111675
estoque,0.004036458999991055
estoque,0.004499707000007902
estoque,0.004237672000016346
estoque,0.00411685299999931
estoque,0.004022446999982776
estoque,0.004255330000006552
estoque,0.004106323999991446
estoque,0.004119111000022713
estoque,0.004104826000002504
estoque,0.004456191000002718
estoque,0.003835909999992282
estoque,0.004673739999986992
estoque,0.004065384000000449
estoque,0.004120333999992454
estoque,0.003945794000003389
estoque,0.0038881709999998293
estoque,0.004314239999985148
estoque,0.004730692999999064
estoque,0.004048694000005071
estoque,0.0041713560000005145
estoque,0.0038582240000266665
estoque,0.004320456999977296
estoque,0.004294471000008571
estoque,0.004395342999998775
estoque,0.004296514000003526
estoque,0.004744472999988147
estoque,0.00405230000001211
estoque,0.004114401000009593
estoque,0.004082740000001195
estoque,0.004397415999989107
estoque,0.0040020069999968655
estoque,0.003895271000004641
estoque,0.0039837850000026265
estoque,0.004595584000014696
estoque,0.004383318999998664
estoque,0.0042298289999962435
estoque,0.004058674000020801
estoque,0.0044531009999957405
estoque,0.004509986000016397
estoque,0.004430216000002929
estoque,0.004031978000000436
estoque,0.004540361000010762
estoque,0.004174775000024056
estoque,0.0038334520000091743
estoque,0.004917032999998128
estoque,0.004386000000010881
estoque,0.004440774000016745
estoque,0.004483298999986118
estoque,0.0038804069999969215
estoque,0.004273390999998128
estoque,0.0039914070000008905
estoque,0.004102283999998235
estoque,0.004048205999993115
estoque,0.004731352999982619
estoque,0.004551956000000246
estoque,0.004380641000011565
estoque,0.0039043600000070455
estoque,0.004506429000002754
estoque,0.0043165650000105416
estoque,0.0042557939999881
estoque,0.00400482500000976
estoque,0.0044628120000140825
estoque,0.004461459999987483
estoque,0.003981116999995038
estoque,0.004103005000018811
estoque,0.0045801530000062485
estoque,0.004227051000015081
estoque,0.004257795000000897
estoque,0.004255055000015773
estoque,0.004501690000012104
estoque,0.0043044049999991785
estoque,0.004553380999993806
estoque,0.004779366999997592
estoque,0.004705473000001348
estoque,0.004723342000005459
estoque,0.004318106999988913
estoque,0.004009722999995802
estoque,0.004518218000015395
estoque,0.004272560999993402
estoque,0.004146868999981734
estoque,0.0039544699999964905
estoque,0.004048606999987214
estoque,0.0032933809999917685
estoque,0.0032329789999892
estoque,0.0027519049999966683
estoque,0.0028785970000058114
estoque,0.0026067249999925934
estoque,0.0028720829999997477
estoque,0.002490452999978743
estoque,0.002491254000005938
estoque,0.0022116050000136056
estoque,0.0023241959999893425
estoque,0.00218951400000833
estoque,0.0022887109999771837
estoque,0.0025501469999937854
estoque,0.0023487329999909434
estoque,0.0022076289999972687
estoque,0.002315568000000212
estoque,0.0023547609999923225
estoque,0.0022647379999796158
estoque,0.002494339999998374
estoque,0.0027698810000060803
estoque,0.003028341999993245
estoque,0.0029350199999953475
estoque,0.0037400500000046577
estoque,0.004519759000004342
estoque,0.0045017209999969054
estoque,0.0041664560000072015
estoque,0.003888161999981321
estoque,0.003942354000002979
estoque,0.003810454999978674
estoque,0.003718454999983578
estoque,0.004184436000002734
estoque,0.004518966999995655
estoque,0.00426008200000183
estoque,0.00424865599998725
estoque,0.004273796000006769
estoque,0.004341466999989052
estoque,0.004174804999991011
estoque,0.0038836710000111907
estoque,0.0037949289999801294
estoque,0.00420428499998593
estoque,0.004025028999990354
estoque,0.004014912000002369
estoque,0.004040109000015946
estoque,0.004425491000006332
estoque,0.004342551999997113
estoque,0.004713300999981129
estoque,0.004214987000011661
estoque,0.004345104999998739
estoque,0.004177684000012505
estoque,0.004041430000000901
estoque,0.003947186999994301
estoque,0.004458460000023479
estoque,0.00390917800001489
estoque,0.003893531000016992
estoque,0.00425918600001296
estoque,0.004596321999997599
estoque,0.004291061000003538
estoque,0.0038726390000078936
estoque,0.0038415889999896535
estoque,0.004742586999981313
estoque,0.0048539690000097835
estoque,0.004165293999989217
estoque,0.0039249799999936386
estoque,0.004350408999982847
estoque,0.004045280999974921
estoque,0.0038793470000086927
estoque,0.0035652270000241515
estoque,0.004094339999994645
estoque,0.003778244000017139
estoque,0.003591378999999506
estoque,0.003946624999997539
estoque,0.004567808000018658
estoque,0.004081001000002971
estoque,0.0038895939999861184
estoque,0.0036953480000079253
estoque,0.004438045000000557
estoque,0.004373216999994156
estoque,0.003935449000010749
estoque,0.0038593120000030012
estoque,0.0044697719999931
estoque,0.004416418999994676
estoque,0.004161111999991363
estoque,0.0038904699999875447
estoque,0.004288328000001229
estoque,0.003969071000000213
estoque,0.003952335000008134
estoque,0.0038279089999946336
estoque,0.004865332000008493
estoque,0.004570140999987871
estoque,0.004245868999987579
estoque,0.004075814000003675
estoque,0.004468694999985701
estoque,0.0038156310000090343
estoque,0.004051950999979681
estoque,0.004072654999987435
estoque,0.0044034629999885055
estoque,0.0044139329999950405
estoque,0.004034348000004684
estoque,0.004079154999999446
estoque,0.004254333000005772
estoque,0.004535497000006217
estoque,0.004134915000008732
estoque,0.004090157000007366
estoque,0.004603768999999147
estoque,0.004223314000000755
estoque,0.004129789000018036
estoque,0.003963136999999506
estoque,0.00430662299999085
estoque,0.004020509999975275
estoque,0.003996950999976434
estoque,0.004004323999993176
estoque,0.0043925660000070366
estoque,0.004025608999995711
estoque,0.004039555999980848
estoque,0.003933338999985381
estoque,0.004507178000011436
estoque,0.0041142530000115585
estoque,0.0037547860000017863
estoque,0.003698632999999063
estoque,0.004463595999993686
estoque,0.004063567999992301
estoque,0.00391506500000105
estoque,0.004218428000001495
estoque,0.0047216199999979835
estoque,0.004443903999998611
estoque,0.004228756000003386
estoque,0.004271119999998518
estoque,0.004314144000005626
estoque,0.0042461719999948855
estoque,0.003910192999995843
estoque,0.003934387000015249
estoque,0.00424752899999703
estoque,0.003939156000001276
estoque,0.0038271039999813183
estoque,0.004166039000011779
estoque,0.00445175999999492
estoque,0.004247007999993002
estoque,0.003981860999999753
estoque,0.003972328000003245
estoque,0.004294075999979441
estoque,0.0038899809999861645
estoque,0.0036851609999928314
estoque,0.0037247610000008535
estoque,0.0046357269999930395
estoque,0.004161955999990141
estoque,0.0038838289999887365
estoque,0.004040832000015371
estoque,0.004609390000013036
estoque,0.004250068000004603
estoque,0.00394971000000055
estoque,0.0040696330000002945
estoque,0.004615770999976121
estoque,0.0041695280000055845
estoque,0.005638564999998152
estoque,0.005376296000008551
estoque,0.0053857970000024125
estoque,0.004787877000012486
estoque,0.004409269999996468
estoque,0.005056666999990966
estoque,0.00475072899999418
estoque,0.004503741000007722
estoque,0.004410143000001199
estoque,0.004399032999998553
estoque,0.004665032000019664
estoque,0.004289314999994076
estoque,0.004191689000009546
estoque,0.004158634999981814
estoque,0.004607908999986421
estoque,0.004345486999994819
estoque,0.004191829000006919
estoque,0.004357201000004807
estoque,0.005389898000004223
estoque,0.004721203000002561
estoque,0.004745922000012115
estoque,0.004840072999996892
estoque,0.004952449000001025
estoque,0.004461336000019855
estoque,0.00422503799998708
estoque,0.0040803429999982654
estoque,0.003918534999996837
estoque,0.003356229000019084
estoque,0.0031587830000034955
estoque,0.002794408999989173
estoque,0.002925949999990962
estoque,0.0026018920000012713
estoque,0.002587855000001582
estoque,0.0024819799999988845
estoque,0.002806412000012415
estoque,0.0029116620000024795
estoque,0.002957879000007324
estoque,0.0031804719999968256
estoque,0.004175399000018842
estoque,0.004477925999992749
estoque,0.004652891999995745
estoque,0.00431575499999326
estoque,0.004358013000000938
estoque,0.005205082000003358
estoque,0.0036906480000027386
estoque,0.003241157000019257
estoque,0.0030346380000025874
estoque,0.0027416270000060194
estoque,0.0024255669999888596
estoque,0.0023750129999768888
estoque,0.002593020000006163
estoque,0.002341504000014538
estoque,0.0021994470000095134
estoque,0.0023240149999992354
estoque,0.0024588400000027377
estoque,0.0022946840000201973
estoque,0.002372964000016964
estoque,0.002232155999990937
estoque,0.0024497150000115653
estoque,0.002420695000012074
estoque,0.0021375970000008238
estoque,0.00235377100000278
estoque,0.002439770999984603
estoque,0.0022008169999878646
estoque,0.002319955000018581
estoque,0.0021772929999883672
estoque,0.0024230489999865767
estoque,0.0022216860000128236
estoque,0.0022761989999935395
estoque,0.0022665660000029675
estoque,0.0023897419999912017
estoque,0.0023375179999902684
estoque,0.0022669310000082987
estoque,0.0023701209999842376
estoque,0.0024980990000074144
estoque,0.0022420049999993807
estoque,0.002365443999991612
estoque,0.002331803000004129
estoque,0.00247241900001427
estoque,0.0024285099999872273
estoque,0.002451319000016383
estoque,0.0024210640000035255
estoque,0.002436501999994789
estoque,0.002343910000007554
estoque,0.00224846099999354
estoque,0.0023624199999972006
estoque,0.0025078630000052726
estoque,0.0023073340000223652
estoque,0.0026728530000070805
estoque,0.0025604989999976624
estoque,0.002558917999976984
estoque,0.0024141310000231897
estoque,0.002236927000012656
estoque,0.002357353999997258
estoque,0.0024051650000274094
estoque,0.0023001699999838365
estoque,0.002309144999998125
estoque,0.0022945919999983744
estoque,0.002435179000002563
estoque,0.0023050030000035804
estoque,0.002155440999985103
estoque,0.0021854139999959443
estoque,0.002455222999998341
estoque,0.0022288970000090558
estoque,0.002327403999998978
estoque,0.0023388660000023265
estoque,0.0023969149999913952
estoque,0.0022654550000140716
estoque,0.0023707539999975324
estoque,0.0022007440000209044
estoque,0.002350968000001785
estoque,0.002293024000010746
estoque,0.002276879000021381
estoque,0.002140487999980678
estoque,0.002332913999993025
estoque,0.002277636999991728
estoque,0.0022969389999900613
estoque,0.002253604999992831
estoque,0.0023020289999919896
estoque,0.0023244829999953254
estoque,0.002145232000003716
estoque,0.002147143000001961
estoque,0.002323273000001791
estoque,0.002201716000001852
estoque,0.00216239299999188
estoque,0.003489219000016419
estoque,0.0032982570000115174
estoque,0.002489638000014338
estoque,0.002270766999998841
estoque,0.0022343500000090444
estoque,0.0023629000000084943
estoque,0.00221604699999034
estoque,0.002458214999990105
estoque,0.0024633280000045943
estoque,0.0024743680000085533
estoque,0.0024552490000075977
estoque,0.002475048999997398
estoque,0.002337557999993578
estoque,0.0025956570000005286
estoque,0.0024931769999909648
estoque,0.002516292999985126
estoque,0.002387405999996872
estoque,0.0025649560000147176
estoque,0.0023485199999981887
estoque,0.002427136000022756
estoque,0.0023564409999892177
estoque,0.0026280249999786065
estoque,0.002452822999998716
estoque,0.0024356010000019523
estoque,0.002315373999977055
estoque,0.002655188000005637
estoque,0.002504364000003534
estoque,0.0024846180000110962
estoque,0.0022784239999964484
estoque,0.0025741450000111854
estoque,0.0024696959999914725
estoque,0.002465809000000263
estoque,0.0023233229999846117
estoque,0.0025248150000152236
estoque,0.0025185009999972863
estoque,0.0025645630000212805
estoque,0.002331144999999424
estoque,0.0025552490000109174
estoque,0.0024252430000046843
estoque,0.002460036999991644
estoque,0.0023806890000059866
estoque,0.0027428909999969164
estoque,0.002484436000003143
estoque,0.002516903000014281
estoque,0.0024553160000095886
estoque,0.0025832849999858354
estoque,0.0024443530000155533
estoque,0.0024110089999851425
estoque,0.0024273459999903935
estoque,0.002523612000004505
estoque,0.002456123000001753
estoque,0.0024555420000069716
estoque,0.0023747810000145364
estoque,0.0025209709999955976
estoque,0.0024483059999909074
estoque,0.0024615490000030604
estoque,0.0023960910000084823
estoque,0.0025160929999969994
estoque,0.00234550999999783
estoque,0.00243183000000613
estoque,0.002317075999997087
estoque,0.002604489000020749
estoque,0.002442980000012085
estoque,0.002425450000004048
estoque,0.0023706280000226343
estoque,0.0026247560000172143
estoque,0.002530962000008685
estoque,0.0024346060000084435
estoque,0.002510814000004302
estoque,0.0026842959999839877
estoque,0.002474699000003966
estoque,0.0023421250000126292
estoque,0.002491923999997425
estoque,0.002556486000003133
estoque,0.0024568370000110917
estoque,0.0024132290000125067
estoque,0.0025360029999887956
estoque,0.0025664480000102685
estoque,0.002556989999987991
estoque,0.002386026000010588
estoque,0.0026125309999827095
estoque,0.0028211449999844262
estoque,0.0025157010000214086
estoque,0.0024767949999784378
estoque,0.0024367689999849063
estoque,0.0025017239999840513
estoque,0.002461293999999725
estoque,0.002445454999985941
estoque,0.0023710490000041773
estoque,0.002625625999996828
estoque,0.0024573600000223905
estoque,0.002394287000015538
estoque,0.002216720999996369
estoque,0.002337530000005472
estoque,0.0022244810000131565
estoque,0.0021077620000085062
estoque,0.0020945060000201465
estoque,0.0022888940000029834
estoque,0.0020625180000024557
estoque,0.0020065559999977722
estoque,0.002002185000009149
estoque,0.0023595130000160225
estoque,0.002209139999990839
estoque,0.002099522999998271
estoque,0.0020549969999876794
estoque,0.002228018000010934
estoque,0.0020305200000052537
estoque,0.0020117300000208616
estoque,0.0020909869999741204
estoque,0.0023490640000147778
estoque,0.002273774000002504
estoque,0.00224215399998684
estoque,0.0021105600000055347
estoque,0.002210725999987062
estoque,0.0021332040000174857
estoque,0.0021142949999841676
estoque,0.0019925020000073346
estoque,0.0022785239999905116
estoque,0.0021464790000038647
estoque,0.002148465999994187
estoque,0.002277972999991107
estoque,0.002348686000004818
estoque,0.0021823730000107844
estoque,0.002047611000023153
estoque,0.0023883520000254066
estoque,0.0027491829999917172
estoque,0.0025081520000185265
estoque,0.0023262889999955405
estoque,0.002416682000017545
estoque,0.0025684329999933198
estoque,0.0024657179999962864
estoque,0.0024547360000042318
estoque,0.002448659999998881
estoque,0.0025709710000114683
estoque,0.002458574000002045
estoque,0.002397895999990851
estoque,0.0024805369999967297
estoque,0.0025555289999772413
estoque,0.0024417780000192124
estoque,0.0023815110000100503
estoque,0.0024078180000230986
estoque,0.0025735459999793875
estoque,0.002393353999991632
estoque,0.0023729419999938273
estoque,0.002450618000011673
estoque,0.0027563090000057855
estoque,0.0025808139999980995
estoque,0.002315670000001546
estoque,0.0023306280000099378
estoque,0.002376394000009441
estoque,0.0021734340000136854
estoque,0.0022358909999979915
estoque,0.002329733000010492
estoque,0.00237526500001195
estoque,0.00218998200000442
estoque,0.002139465999988488
estoque,0.002243687000003547
estoque,0.002447180999979537
estoque,0.002449243999990358
estoque,0.002575250999996115
estoque,0.002460705000004282
estoque,0.0029889289999971425
estoque,0.002772456000002421
estoque,0.0029770259999963855
estoque,0.0032491400000083104
estoque,0.0037809359999982917
estoque,0.003997330999993665
estoque,0.00408516899997835
estoque,0.004067504000005329
estoque,0.004334027999988166
estoque,0.004986438999992515
estoque,0.004339451999982202
estoque,0.004217003000007935
estoque,0.004437467999991895
estoque,0.00429090699998369
estoque,0.0042180380000047535
estoque,0.0042934239999965484
estoque,0.004224450000009483
estoque,0.004302716000012197
estoque,0.004365746999980047
estoque,0.004652038999978458
estoque,0.004615551999989975
estoque,0.004376785000005157
estoque,0.004158974999995735
estoque,0.004324390000022049
estoque,0.004577605000008589
estoque,0.0046531469999990804
estoque,0.004418563000001541
estoque,0.004196642000010797
estoque,0.004362780000008115
estoque,0.00420802299998968
estoque,0.004055464999993319
estoque,0.004576280000009092
estoque,0.004520788999997194
estoque,0.004299924000008559
estoque,0.004420935999974063
estoque,0.0045000480000112475
estoque,0.004985411999996359
estoque,0.004389822999996795
estoque,0.004255247999992662
estoque,0.004556143999991491
estoque,0.004745229999997491
estoque,0.004456856000018661
estoque,0.004121786000013117
estoque,0.00435704500000611
estoque,0.004665026999987276
estoque,0.004490889999999581
estoque,0.004500737000000754
estoque,0.004465535999997883
estoque,0.00438608199999635
estoque,0.0041247999999995955
estoque,0.004238507999986041
estoque,0.003958960000005618
estoque,0.004294396999995342
estoque,0.004369550999996363
estoque,0.004066731000023083
estoque,0.003942143000017495
estoque,0.004663477999997667
estoque,0.0044959500000061325
estoque,0.004410135999989961
estoque,0.003965757000003123
estoque,0.004214270000005627
estoque,0.004045372999996744
estoque,0.004433746000017891
estoque,0.003965446000023576
estoque,0.004714481999997133
estoque,0.004404818000011801
estoque,0.004549580999992031
estoque,0.00439613099999292
estoque,0.004414051999987123
estoque,0.0041314059999990604
estoque,0.0042466909999916425
estoque,0.004006272999987459
estoque,0.005165430999994669
estoque,0.005029637000006915
estoque,0.005467597000006208
estoque,0.004408022000006895
estoque,0.004657630999986395
estoque,0.004198207999991155
estoque,0.004164481000003661
estoque,0.004431530999994493
estoque,0.004300039000014522
estoque,0.004188922999986744
estoque,0.004276547000017672
estoque,0.004337315999975999
estoque,0.004990778000006912
estoque,0.004670631999999841
estoque,0.004315908999984686
estoque,0.004452358000008871
estoque,0.005155103999982202
estoque,0.005387993999988794
estoque,0.004491830000006303
estoque,0.004230342999989034
estoque,0.00431832000001009
estoque,0.0040091380000149
estoque,0.00411627600001907
estoque,0.004225784999988491
estoque,0.004405753000014556
estoque,0.004126736999978675
estoque,0.0044694300000003295
estoque,0.004226493000004439
estoque,0.004668652999981759
estoque,0.004673312000022634
estoque,0.004245994000001474
estoque,0.004437093999996478
estoque,0.004717790000000832
estoque,0.004297594000007621
estoque,0.004210032000003139
estoque,0.004040978000006135
estoque,0.0042271659999926214
estoque,0.004215045999984568
estoque,0.004002106000001504
estoque,0.003938844000003883
estoque,0.004355586000002631
estoque,0.00471172700000011
estoque,0.004281713000011678
estoque,0.0041069339999921795
estoque,0.004917771000009452
estoque,0.004181635999998434
estoque,0.00401547199999186
estoque,0.003995487999986835
estoque,0.004451267999996844
estoque,0.0041751510000267444
estoque,0.004046204000019316
estoque,0.004081318999993755
